life_insurer,year,claims_pending_start_no,claims_pending_start_amt,claims_intimated_no,claims_intimated_amt,total_claims_no,total_claims_amt,claims_paid_no,claims_paid_amt,claims_repudiated_no,claims_repudiated_amt,claims_rejected_no,claims_rejected_amt,claims_unclaimed_no,claims_unclaimed_amt,claims_pending_end_no,claims_pending_end_amt,claims_paid_ratio_no,claims_paid_ratio_amt,claims_repudiated_rejected_ratio_no,claims_repudiated_rejected_ratio_amt,claims_pending_ratio_no,claims_pending_ratio_amt,category
ABSL,2021-22,11,3.637907524440021,9997,876.6850449225901,10008,880.3229524470302,9815,846.43431385759,186,32.98099327508,0,0.0,0,0.0,7,0.9076453143601172,0.9807154276578736,0.9615043110085452,0.0185851318944844,0.0374646522431374,0.0006994404476418,0.0010310367483173,Individual Death Claims
Aegon,2021-22,0,0.0,720,276.48,720,276.48,713,273.04,6,3.42,0,0.0,0,0.0,1,0.0199999999999977,0.9902777777777778,0.9875578703703703,0.0083333333333333,0.0123697916666666,0.0013888888888888,7.233796296295499e-05,Individual Death Claims
Ageas,2021-22,50,6.698501543,2644,128.0327579171999,2694,134.73125946019988,2614,122.6292489601999,57,8.6695374,0,0.0,0,0.0,23,3.432473099999978,0.9703043801039348,0.9101766691079218,0.0211581291759465,0.0643468890199235,0.0085374907201187,0.0254764418721547,Individual Death Claims
Aviva,2021-22,0,1.0658141036401504e-14,1672,270.9491353,1672,270.9491353,1645,266.6992005,27,4.2499348,0,0.0,0,0.0,0,5.3290705182007506e-15,0.9838516746411484,0.9843146397374756,0.0161483253588516,0.0156853602625245,0.0,1.9668158425013253e-17,Individual Death Claims
Baj Alz,2021-22,5,3.7,21045,822.2737754914108,21050,825.9737754914108,20844,771.8780358884093,195,44.725080377000005,0,0.0,0,0.0,11,9.370659226001557,0.9902137767220902,0.9345067104935416,0.0092636579572446,0.0541483055565425,0.000522565320665,0.0113449839499159,Individual Death Claims
Bharti Axa,2021-22,0,0.0,3203,243.5880589976307,3203,243.5880589976307,3174,234.7198948926308,27,2.044654105,0,0.0,0,0.0,2,6.82350999999992,0.9909459881361224,0.9635936008460654,0.0084295972525757,0.0083939012175464,0.0006244146113019,0.0280124979363881,Individual Death Claims
Can HSBC,2021-22,25,5.867974300000001,2788,282.23341791599995,2813,288.10139221599997,2769,277.7949103980005,41,7.806481817999999,0,0.0,0,0.0,3,2.4999999999994413,0.9843583362957696,0.9642261991907616,0.0145751866334873,0.0270963002224827,0.0010664770707429,0.0086775005867555,Individual Death Claims
Edelws,2021-22,2,3.0,993,156.86310377299998,995,159.86310377299998,976,152.062587865,19,7.800515908,0,0.0,0,0.0,0,-3.3750779948604765e-14,0.9809045226130654,0.9512050265264684,0.0190954773869346,0.0487949734735318,0.0,-2.111230118272299e-16,Individual Death Claims
Exide,2021-22,63,8.784217400000024,7216,309.83329421800016,7279,318.6175116180002,7213,306.8087789380001,7,0.3208976,0,0.0,0,0.0,59,11.487835080000105,0.9909328204423684,0.962937590529682,0.0009616705591427,0.0010071561929236,0.0081055089984888,0.0360552532773942,Individual Death Claims
Fut Genli,2021-22,8,2.711306,1656,83.98179060241003,1664,86.69309660241002,1600,77.67319543040996,64,9.019901172,0,0.0,0,0.0,0,6.039613253960853e-14,0.9615384615384616,0.895955946603604,0.0384615384615384,0.1040440533963952,0.0,6.966659965625168e-16,Individual Death Claims
HDFC,2021-22,178,167.23848835,26944,2751.0057832019957,27122,2918.2442715519956,26758,2608.221586656002,136,107.3566806,188,171.828822256,17,5.65633644,23,25.18084559999419,0.9865791608288474,0.8937639703714328,0.0119460216798171,0.0956689971355695,0.0008480200575178,0.0086287655373696,Individual Death Claims
ICICI,2021-22,16,7.823212343975997,22265,3110.2158715408195,22281,3118.0390838847957,21795,2977.495652192047,398,112.253637921,0,0.0,8,0.774485620424,80,27.51530815132452,0.9781876935505588,0.9549256991616526,0.0178627530182666,0.0360013569108768,0.0035905031192495,0.0088245552448441,Individual Death Claims
Indiafirst,2021-22,15,3.95,4922,245.57627010699997,4937,249.52627010699996,4785,227.30879027800003,143,18.18176921,0,0.0,0,0.0,9,4.035710618999929,0.969212072108568,0.9109613596216832,0.0289649584768077,0.0728651504396848,0.0018229694146242,0.0161734899386319,Individual Death Claims
Industry,2021-22,3055,623.264798311416,1605869,47457.27236528031,1608924,48080.53716359173,1587110,45817.5728745988,12609,1099.12039125308,3900,192.454832696,2727,482.3590348671541,2549,469.53943713356335,0.9864418704674676,0.9529338808904464,0.0102608948589243,0.0268627453049153,0.0015842886301652,0.0097656861764247,Individual Death Claims
Kotak,2021-22,16,7.276997686,7117,606.3103075589993,7133,613.5873052449992,7049,586.1454367059971,60,19.126574967,0,0.0,0,0.0,24,8.315293572002144,0.9882237487733072,0.9552763424138234,0.0084116080190663,0.0311717253657374,0.0033646432076265,0.0135519322204391,Individual Death Claims
LIC,2021-22,1725,292.42,1365379,29293.46,1367104,29585.879999999997,1349865,28408.38,8713,347.18999999999994,3619,8.5,2625,461.66,2282,360.1499999999964,0.9873901327185056,0.9602006092095284,0.0090205280651654,0.0120222890108389,0.001669221946538,0.0121730365971874,Individual Death Claims
Max,2021-22,1,0.5,31034,2076.813368601999,31035,2077.313368601999,30830,2008.9432215419972,205,68.37014699199999,0,0.0,0,0.0,0,6.800196672429594e-08,0.9933945545352022,0.9670872252143576,0.0066054454647978,0.0329127747529069,0.0,3.2735536078536014e-11,Individual Death Claims
PNB Metlife,2021-22,0,0.0,8586,717.4268524780003,8586,717.4268524780003,8357,669.6905082580006,224,43.20785862,0,0.0,3,2.0284856,2,2.4999999999997544,0.9733286745865364,0.9334617263695694,0.0260889820638248,0.060226151935573,0.0002329373398555,0.0034846758124047,Individual Death Claims
PVT.,2021-22,1330,330.844798311416,240490,18163.812365280315,241820,18494.657163591735,237245,17409.192874598797,3896,751.93039125308,281,183.954832696,102,20.699034867154015,267,109.38943713356696,0.9810809693160202,0.9413093046607124,0.0172731783971549,0.0506030047310878,0.0011041270366388,0.0059146507105256,Individual Death Claims
Pramerica,2021-22,1,0.21,1060,52.828706370524046,1061,53.03870637052405,1043,51.34,16,1.5,0,0.0,0,0.0,2,0.198706370524043,0.9830348727615456,0.9679723264994998,0.0150801131008482,0.0282812327570948,0.001885014137606,0.0037464407434053,Individual Death Claims
Reliance,2021-22,4,1.4819051239999992,13726,359.2811494469995,13730,360.7630545709995,13548,344.1429030129995,174,14.482292556999996,0,0.0,5,1.596379737999999,3,0.5414792629999783,0.9867443554260744,0.9539305609390524,0.0126729788783685,0.0401435024277127,0.0002184996358339,0.0015009277034863,Individual Death Claims
SBI Life,2021-22,912,101.5405695,54874,2808.60417088374,55786,2910.14474038374,54140,2751.5275383125127,1541,127.575616245,0,0.0,69,10.643347468730015,7,0.9076453143601172,0.9704943892732945,0.9454950814404126,0.0276234180618793,0.0438382374851147,0.0001254795109884,0.0003118900932193,Individual Death Claims
SUD,2021-22,8,1.018412,2943,170.29835069,2951,171.31676269000002,2875,156.60075225500003,74,14.316010435,0,0.0,0,0.0,2,0.3999999999999879,0.9742460182988816,0.9141005806791436,0.0250762453405625,0.0835645631531399,0.0006777363605557,0.0023348561677166,Individual Death Claims
Sahara,2021-22,2,0.0237,1164,12.823381951000002,1166,12.847081951000002,1132,12.47292594,16,0.313778519,15,0.0005,0,0.0,3,0.0598774920000002,0.9708404802744426,0.9708761871040392,0.0265866209262435,0.0244630274951688,0.0025728987993138,0.004660785400792,Individual Death Claims
Shriram,2021-22,11,0.98160654,5854,202.180575944,5865,203.162182484,5620,167.39339271600002,163,23.578231328,78,12.12551044,0,0.0,4,0.0650479999999742,0.9582267689684568,0.8239397247525782,0.0410912190963341,0.1757400975489709,0.0006820119352088,0.0003201776984508,Individual Death Claims
Tata AIA,2021-22,2,4.4,8067,1599.5271973669992,8069,1603.9271973669993,7950,1518.17,117,80.629797404,0,0.0,0,0.0,2,5.127399962999206,0.985252199776924,0.9465329863426608,0.0144999380344528,0.0502702351680061,0.0002478621886231,0.0031967784893331,Individual Death Claims
ABSL,2020-21,19,3.802882696,6455,468.8463574259635,6474,472.64924012196354,6347,440.2642878843836,116,28.747044714,0,0.0,0,0.0,11,3.6379075235799654,0.9803830707445166,0.931482060080699,0.0179178251467408,0.0608210958015759,0.0016991041087426,0.007696844117725,Individual Death Claims
Aditya Birla Life,2020-21,19,3.802882696,6455,468.8463574259635,6474,472.64924012196354,6347,440.2642878843836,116,28.747044714,0,0.0,0,0.0,11,3.6379075235799654,0.9803830707445166,0.931482060080699,0.0179178251467408,0.0608210958015759,0.0016991041087426,0.007696844117725,Individual Death Claims
Aegon,2020-21,0,0.0,401,107.44,401,107.44,398,105.98,3,1.46,0,0.0,0,0.0,0,-6.217248937900877e-15,0.9925187032418952,0.9864110201042444,0.0074812967581047,0.0135889798957557,0.0,-5.786717179729037e-17,Individual Death Claims
Ageas,2020-21,5,1.4532903373999997,1800,87.1273657,1805,88.5806560374,1716,73.90864701100001,38,7.7110335,1,0.0485005,0,0.0,50,6.912475470099998,0.9506925207756232,0.8343655411605299,0.0216066481994459,0.0875985158286005,0.0277008310249307,0.078035948019864,Individual Death Claims
Ageas Federal,2020-21,5,1.4532903373999997,1800,87.1273657,1805,88.5806560374,1716,73.90864701100001,38,7.7110335,1,0.0485005,0,0.0,50,6.912475470099998,0.9506925207756232,0.8343655411605299,0.0216066481994459,0.0875985158286005,0.0277008310249307,0.078035948019864,Individual Death Claims
Aviva,2020-21,5,0.7783592,1050,116.3712508,1055,117.14961,1034,111.5721176,21,5.577492400000001,0,0.0,0,0.0,0,1.0658141036401504e-14,0.9800947867298578,0.9523900045420552,0.0199052132701421,0.0476099954579447,0.0,9.097888619860964e-17,Individual Death Claims
Baj Alz,2020-21,2,0.650000034999987,14331,445.88634941785006,14333,446.53634945285006,14115,410.6768054422,213,32.15954400299999,0,0.0,0,0.0,5,3.700000007650047,0.9847903439614876,0.919694009111264,0.0148608107165282,0.072019991300609,0.0003488453219842,0.0082859995881269,Individual Death Claims
Bajaj Allianz,2020-21,2,0.650000034999987,14331,445.88634941785006,14333,446.53634945285006,14115,410.6768054422,213,32.15954400299999,0,0.0,0,0.0,5,3.700000007650047,0.9847903439614876,0.919694009111264,0.0148608107165282,0.072019991300609,0.0003488453219842,0.0082859995881269,Individual Death Claims
Bharti Axa,2020-21,2,1.1533918,1891,106.44493664749488,1893,107.59832844749488,1875,106.03520461049494,18,1.563123837,0,0.0,0,0.0,0,-6.483702463810914e-14,0.9904912836767036,0.9854726011123612,0.0095087163232963,0.0145273988876394,0.0,-6.025839394870143e-16,Individual Death Claims
Can HSBC,2020-21,2,2.0,1897,166.53792392081817,1899,168.53792392081817,1844,156.07572638381868,30,6.5942232370000005,0,0.0,0,0.0,25,5.867974299999497,0.9710373880989994,0.9260570128842074,0.0157977883096366,0.0391260499927486,0.0131648235913638,0.0348169371230439,Individual Death Claims
Canara HSBC OBC,2020-21,2,2.0,1897,166.53792392081817,1899,168.53792392081817,1844,156.07572638381868,30,6.5942232370000005,0,0.0,0,0.0,25,5.867974299999497,0.9710373880989994,0.9260570128842074,0.0157977883096366,0.0391260499927486,0.0131648235913638,0.0348169371230439,Individual Death Claims
Edelweiss Tokio,2020-21,0,0.0,502,52.08913801200001,502,52.08913801200001,487,45.8282796948095,13,3.2608583170000003,0,0.0,0,0.0,2,3.0000000001905036,0.9701195219123506,0.8798049160316656,0.0258964143426294,0.0626015027595346,0.0039840637450199,0.0575935812087998,Individual Death Claims
Edelws,2020-21,0,0.0,502,52.08913801200001,502,52.08913801200001,487,45.8282796948095,13,3.2608583170000003,0,0.0,0,0.0,2,3.0000000001905036,0.9701195219123506,0.8798049160316656,0.0258964143426294,0.0626015027595346,0.0039840637450199,0.0575935812087998,Individual Death Claims
Exide,2020-21,38,9.048578000000006,5014,173.65543904124996,5052,182.70401704125,4978,170.43014094124996,11,3.4896586999999997,0,0.0,0,0.0,63,8.784217400000024,0.9853523357086302,0.9328209839128556,0.0021773555027711,0.0191000655404972,0.0124703087885985,0.048078950546647,Individual Death Claims
Exide Life,2020-21,38,9.048578000000006,5014,173.65543904124996,5052,182.70401704125,4978,170.43014094124996,11,3.4896586999999997,0,0.0,0,0.0,63,8.784217400000024,0.9853523357086302,0.9328209839128556,0.0021773555027711,0.0191000655404972,0.0124703087885985,0.048078950546647,Individual Death Claims
Fut Genli,2020-21,3,0.31135,1223,55.473135144000025,1226,55.78448514400002,1163,48.11054702900007,55,4.959686694,0,0.0,0,0.0029454209999999,8,2.7113059999999556,0.9486133768352364,0.8624359784769774,0.0448613376835236,0.0889079944216971,0.0065252854812398,0.0486032270980199,Individual Death Claims
Future Generali,2020-21,3,0.31135,1223,55.473135144000025,1226,55.78448514400002,1163,48.11054702900007,55,4.959686694,0,0.0,0,0.0029454209999999,8,2.7113059999999556,0.9486133768352364,0.8624359784769774,0.0448613376835236,0.0889079944216971,0.0065252854812398,0.0486032270980199,Individual Death Claims
HDFC,2020-21,35,17.578717205,16941,1277.962531953428,16976,1295.541249158428,16639,1037.232953660431,84,39.981818516,58,47.954496996,17,3.1334916360000005,178,167.23848834999703,0.9801484448633364,0.8006174672818857,0.0083647502356267,0.0678761217129309,0.0104853911404335,0.1290877372361811,Individual Death Claims
HDFC Life,2020-21,35,17.578717205,16941,1277.962531953428,16976,1295.541249158428,16639,1037.232953660431,84,39.981818516,58,47.954496996,17,3.1334916360000005,178,167.23848834999703,0.9801484448633364,0.8006174672818857,0.0083647502356267,0.0678761217129309,0.0104853911404335,0.1290877372361811,Individual Death Claims
ICICI,2020-21,95,43.70162686145701,14734,1643.0487730524314,14829,1686.7503999138885,14518,1504.6436179844766,289,174.13591671199998,0,0.0,6,0.1476528215914,16,7.823212395820526,0.9790275810911052,0.8920369119588122,0.0194888394362398,0.1032375132212151,0.0010789668892035,0.0046380379670992,Individual Death Claims
ICICI Prudential,2020-21,95,43.70162686145701,14734,1643.0487730524314,14829,1686.7503999138885,14518,1504.6436179844766,289,174.13591671199998,0,0.0,6,0.1476528215914,16,7.823212395820526,0.9790275810911052,0.8920369119588122,0.0194888394362398,0.1032375132212151,0.0010789668892035,0.0046380379670992,Individual Death Claims
India First,2020-21,9,2.531358599,2972,117.736802332,2981,120.268160931,2886,109.64075612399998,80,6.674796483000001,0,0.0,0,0.0,15,3.9486069197,0.9681314994968132,0.9116357585853736,0.0268366320026836,0.0554992812006949,0.0050318685005031,0.0328316895272505,Individual Death Claims
Indiafirst,2020-21,9,2.531358599,2972,117.736802332,2981,120.268160931,2886,109.64075612399998,80,6.674796483000001,0,0.0,0,0.0,15,3.9486069197,0.9681314994968132,0.9116357585853736,0.0268366320026836,0.0554992812006949,0.0050318685005031,0.0328316895272505,Individual Death Claims
Industry,2020-21,6194,454.6481497708569,1095113,27772.64045445566,1101307,28227.288604226516,1083623,26421.499441746964,9527,864.6223682039999,3032,60.07405739400001,2070,257.8252835671694,3055,623.2674533143836,0.983942715337322,0.936026828938534,0.0114037230309078,0.0327589531734034,0.0027739767385479,0.0220803160393188,Individual Death Claims
Industry Total,2020-21,6194,454.6481497708569,1095113,27772.64045445566,1101307,28227.288604226516,1083623,26421.499441746964,9527,864.6223682039999,3032,60.07405739400001,2070,257.8252835671694,3055,623.2674533143836,0.983942715337322,0.936026828938534,0.0114037230309078,0.0327589531734034,0.0027739767385479,0.0220803160393188,Individual Death Claims
Kotak,2020-21,9,12.142200569,4393,301.99957921299983,4402,314.14177978199984,4336,299.91504010799883,50,6.949741988000001,0,0.0,0,0.0,16,7.2769976863,0.9850068150840527,0.9547123605020836,0.0113584734211721,0.0221229471381451,0.0036347114947751,0.0231646923607229,Individual Death Claims
Kotak Mahindra,2020-21,9,12.142200569,4393,301.99957921299983,4402,314.14177978199984,4336,299.91504010799883,50,6.949741988000001,0,0.0,0,0.0,16,7.2769976863,0.9850068150840527,0.9547123605020836,0.0113584734211721,0.0221229471381451,0.0036347114947751,0.0231646923607229,Individual Death Claims
LIC,2020-21,5875,349.68999999999977,941101,18755.65,946976,19105.34,933889,18295.58,6531,276.93,2934,3.92,1897,236.49,1725,292.41999999999837,0.9861802199844558,0.957616038238524,0.0099949734734565,0.0147000786167636,0.0018215878755111,0.0153056684675592,Individual Death Claims
Max,2020-21,1,0.01500105,20051,928.0720800700008,20052,928.0870811200008,19922,885.5722737720009,129,42.014807348,0,0.0,0,0.0,1,0.499999999999865,0.9935168561739476,0.954190928617718,0.0064332734889287,0.0452703288330413,4.987033712347896e-05,0.0005387425492406,Individual Death Claims
Max Life,2020-21,1,0.01500105,20051,928.0720800700008,20052,928.0870811200008,19922,885.5722737720009,129,42.014807348,0,0.0,0,0.0,1,0.499999999999865,0.9935168561739476,0.954190928617718,0.0064332734889287,0.0452703288330413,4.987033712347896e-05,0.0005387425492406,Individual Death Claims
PNB Met Life,2020-21,0,0.0,5315,353.1580018290001,5315,353.1580018290001,5218,331.7032233559996,97,21.454778473,0,0.0,0,0.0,0,4.902744876744691e-13,0.981749764816557,0.9392487828057512,0.018250235183443,0.0607512171942473,0.0,1.3882581879366877e-15,Individual Death Claims
PNB Metlife,2020-21,0,0.0,5315,353.1580018290001,5315,353.1580018290001,5218,331.7032233559996,97,21.454778473,0,0.0,0,0.0,0,4.902744876744691e-13,0.981749764816557,0.9392487828057512,0.018250235183443,0.0607512171942473,0.0,1.3882581879366877e-15,Individual Death Claims
PVT.,2020-21,319,104.9581497708571,154012,9016.99045445566,154331,9121.948604226518,149734,8125.9194417469635,2996,587.692368204,98,56.154057394000006,173,21.335283567169384,1330,330.8474533143852,0.9702133725563884,0.8908096059631316,0.0200478192974839,0.0705821150208721,0.008617840874484,0.036269383622825,Individual Death Claims
Pramerica,2020-21,2,0.221507992300001,645,29.286068448746875,647,29.507576441046876,638,28.625236416000003,8,0.673790559,0,0.0,0,0.0,1,0.2085494660468723,0.9860896445131376,0.9700978483675304,0.0123647604327666,0.0228344933832897,0.0015455950540958,0.0070676582491799,Individual Death Claims
Pramerica Life,2020-21,2,0.221507992300001,645,29.286068448746875,647,29.507576441046876,638,28.625236416000003,8,0.673790559,0,0.0,0,0.0,1,0.2085494660468723,0.9860896445131376,0.9700978483675304,0.0123647604327666,0.0228344933832897,0.0015455950540958,0.0070676582491799,Individual Death Claims
Private Total,2020-21,319,104.9581497708571,154012,9016.99045445566,154331,9121.948604226518,149734,8125.9194417469635,2996,587.692368204,98,56.154057394000006,173,21.335283567169384,1330,330.8474533143852,0.9702133725563884,0.8908096059631316,0.0200478192974839,0.0705821150208721,0.008617840874484,0.036269383622825,Individual Death Claims
Reliance,2020-21,2,0.5719593880999979,9414,215.421583281,9416,215.9935426691,9274,205.261737213,138,9.248403224,0,0.0,0,0.0,4,1.4834022320999782,0.9849192863211554,0.9503142301224208,0.0146559048428207,0.0428179616377164,0.0004248088360237,0.0068678082398626,Individual Death Claims
Reliance Nippon,2020-21,2,0.5719593880999979,9414,215.421583281,9416,215.9935426691,9274,205.261737213,138,9.248403224,0,0.0,0,0.0,4,1.4834022320999782,0.9849192863211554,0.9503142301224208,0.0146559048428207,0.0428179616377164,0.0004248088360237,0.0068678082398626,Individual Death Claims
SBI Life,2020-21,36,7.776073142000121,34183,1614.551156835577,34219,1622.3272299775774,31855,1398.7752488049996,1302,103.960217938,0,0.0,150,18.051193688577985,912,101.54056954599984,0.9309155732195564,0.862202903926067,0.0380490370846605,0.0640809178425963,0.0266518600777345,0.0625894503092346,Individual Death Claims
SUD,2020-21,3,0.721065,1632,77.40495871700011,1635,78.12602371700011,1569,72.494127605,58,4.613484112,0,0.0,0,0.0,8,1.0184120000001062,0.9596330275229358,0.927912674368264,0.0354740061162079,0.0590518228434568,0.0048929663608562,0.013035502788279,Individual Death Claims
Sahara,2020-21,46,0.579634133,839,8.677096441,885,9.256730574,860,9.022812241,16,0.210218333,7,0.0,0,0.0,2,0.0237,0.9717514124293786,0.9747299188271696,0.0259887005649717,0.0227097819602154,0.0022598870056497,0.0025602992126148,Individual Death Claims
Sahara Life,2020-21,46,0.579634133,839,8.677096441,885,9.256730574,860,9.022812241,16,0.210218333,7,0.0,0,0.0,2,0.0237,0.0,0.0,0.0,0.0,0.0,0.0,Individual Death Claims
Shriram,2020-21,5,0.1194441,3681,123.545609319,3686,123.665053419,3506,95.810657865,137,18.721729116,32,8.151059898,0,0.0,11,0.9816065399999944,0.9511665762344004,0.774759361809159,0.045849158979924,0.2173030154521507,0.0029842647856755,0.0079376227386902,Individual Death Claims
Star Union,2020-21,3,0.721065,1632,77.40495871700011,1635,78.12602371700011,1569,72.494127605,58,4.613484112,0,0.0,0,0.0,8,1.0184120000001062,0.9596330275229358,0.927912674368264,0.0354740061162079,0.0590518228434568,0.0048929663608562,0.013035502788279,Individual Death Claims
Tata AIA,2020-21,0,0.0,4648,546.3299999999999,4648,546.3299999999999,4556,478.4,90,63.53,0,0.0,0,0.0,2,4.399999999999949,0.9802065404475044,0.8756612303918878,0.0193631669535284,0.116285029194809,0.0004302925989672,0.0080537404133032,Individual Death Claims
Aditya Birla Life,2019-20,24,9.79449251778005,5138,361.26,5162,371.0531127657002,5035,342.8938049259999,108,24.356425143399996,0,0.0,0,0.0,19,3.8028826963002658,0.975397132894227,0.9241097652306144,0.0209221232080588,0.0656413443397785,0.003680743897714,0.0102488904296069,Individual Death Claims
Aegon,2019-20,0,0.0,351,69.0,351,68.999316934,344,64.601459922,7,4.397857011999999,0,0.0,0,0.0,0,3.552713678800501e-15,0.98005698005698,0.9362623108833572,0.0199430199430199,0.0637376891166427,0.0,5.148911375744172e-17,Individual Death Claims
Ageas Federal,2019-20,8,1.53,1408,69.35,1416,70.87623765699999,1366,63.2738496568,45,6.3473880000000005,0,0.0,0,0.0,5,1.2550000001999937,0.9646892655367232,0.8927371393923142,0.0317796610169491,0.0895559387719998,0.0035310734463276,0.0177069218356858,Individual Death Claims
Aviva,2019-20,2,0.3,808,83.03,810,83.3319575,790,80.7791613,11,0.968207,4,0.80623,0,0.0,5,0.778359200000003,0.9753086419753086,0.9693659398316666,0.0185185185185185,0.0212935955572626,0.0061728395061728,0.0093404646110707,Individual Death Claims
Bajaj Allianz,2019-20,3,0.33,12124,331.82,12127,332.1501742164499,11887,310.7144675549998,237,20.780706627,0,0.0,1,0.005,2,0.6500000344500688,0.9802094499876308,0.9354638102719128,0.0195431681372144,0.0625641900565675,0.000164921250103,0.0019569462397044,Individual Death Claims
Bharti Axa,2019-20,7,1.02,1313,63.27,1320,64.28988819399996,1285,61.558879945000015,33,1.577616448,0,0.0,0,0.0,2,1.1533918009999418,0.9734848484848484,0.9575204075521347,0.025,0.0245391070402769,0.0015151515151515,0.0179404854075883,Individual Death Claims
Canara HSBC OBC,2019-20,1,0.75,1275,114.52,1276,115.2718824223091,1252,106.52974869830908,22,3.705251902000001,0,3.036881822,0,0.0,2,2.000000000000012,0.9811912225705328,0.9241607446647536,0.0172413793103448,0.0584889704438032,0.0015673981191222,0.0173502848914432,Individual Death Claims
Edelweiss Tokio,2019-20,0,0.0,326,32.86,326,32.856029845833994,272,21.798861520121,54,11.057168325713,0,0.0,0,0.0,0,-7.105427357601002e-15,0.8343558282208589,0.6634660859027983,0.1656441717791411,0.3365339140972019,0.0,-2.1625946259912894e-16,Individual Death Claims
Exide Life,2019-20,0,0.0,3468,101.16,3468,101.15787989000002,3404,88.95413608999999,26,3.1551658,0,0.0,0,0.0,38,9.048578000000026,0.9815455594002308,0.8793594348431335,0.0074971164936562,0.0311905093644801,0.010957324106113,0.0894500557923864,Individual Death Claims
Future Generali,2019-20,8,0.91,1135,48.92,1143,49.827602654,1089,44.89685703600008,51,4.6193956179999995,0,0.0,0,0.0,3,0.3113499999999183,0.952755905511811,0.9010438922330112,0.0446194225721784,0.0927075631167089,0.0026246719160104,0.0062485446502797,Individual Death Claims
HDFC Life,2019-20,34,10.19,12592,692.26,12626,702.4512081260006,12509,650.3288564740009,54,25.464491354,15,7.1578743,13,1.921268793,35,17.57871720499968,0.9907334072548708,0.925799328054326,0.0054649136702043,0.0464407567054086,0.0027720576587993,0.0250248230790237,Individual Death Claims
ICICI Prudential,2019-20,21,15.37,11439,1101.64,11460,1117.0115655146003,11212,1023.6359879076292,153,49.492066611000006,0,0.0,0,0.1818841364453,95,43.701626859526016,0.9783595113438044,0.9164058990168524,0.0133507853403141,0.0443075686402578,0.0082897033158813,0.0391237013194155,Individual Death Claims
India First,2019-20,9,1.55,2232,77.41,2241,78.95223491299997,2166,70.170688354,66,6.250187959,0,0.0,0,0.0,9,2.5313585999999635,0.9665327978580992,0.8887739331422773,0.0294511378848728,0.0791641676247326,0.0040160642570281,0.03206189923299,Individual Death Claims
Industry Total,2019-20,1017,191.88,873832,19227.82,874849,19419.708318621146,846476,18042.23955062086,8927,555.0953783327068,2262,20.397847434,10990,347.3241924986037,6194,454.6513497349748,0.9675681174694148,0.9290685140373884,0.0127896356971317,0.029634493800037,0.007080078962198,0.0234118526537815,Individual Death Claims
Kotak Mahindra,2019-20,12,4.08,3334,188.79,3346,192.868328555,3225,170.14214714199932,112,10.583980844,0,0.0,0,0.0,9,12.14220056900069,0.9638374178123132,0.8821673751036843,0.0334728033472803,0.0548767178276332,0.0026897788404064,0.0629559070686824,Individual Death Claims
LIC,2019-20,791,135.92,758125,13558.42,758916,13694.339999999998,733809,12797.85,6124,205.02,2172,2.08,10936,339.7,5875,349.68999999999795,0.9669172872887118,0.9345357278992636,0.0109313810751123,0.0151230362324872,0.0077413047030237,0.0255353671662889,Individual Death Claims
Max Life,2019-20,3,1.6,15460,593.84,15463,595.4315627499998,15342,562.5368311959999,120,32.879730504,0,0.0,0,0.0,1,0.0150010499999169,0.9921748690422298,0.9447548070813117,0.0077604604539869,0.055219999343241,6.467050378322448e-05,2.5193575447419327e-05,Individual Death Claims
PNB Met Life,2019-20,0,0.0,4364,269.56,4364,269.55520706100003,4241,235.110052133,123,34.445154928,0,0.0,0,0.0,0,4.973799150320701e-14,0.9718148487626032,0.8722148412432442,0.0281851512373968,0.1277851587567555,0.0,1.8451875608528443e-16,Individual Death Claims
Pramerica Life,2019-20,2,0.3,569,23.43,569,23.4331677953,560,22.444056904,7,0.767602899,0,0.0,0,0.0,2,0.221507992300001,0.984182776801406,0.957790133201778,0.0123022847100175,0.0327571118725978,0.0035149384885764,0.0094527549256242,Individual Death Claims
Private Total,2019-20,226,55.96,115707,5669.4,115933,5725.368318621146,112667,5244.389550620858,2803,350.07537833270675,90,18.317847434,54,7.6241924986036995,319,104.96134973497688,0.97182855614881,0.9159916460857276,0.0249540682980687,0.0643440221249255,0.0027515892800151,0.0183326807803091,Individual Death Claims
Reliance Nippon,2019-20,4,0.91,8013,166.13,8017,167.03142235119992,7866,157.031953927,149,9.427509072,0,0.0,0,0.0,2,0.5719593521999329,0.981165024323313,0.940134207782922,0.0185855058001746,0.0564415302180552,0.0002494698765124,0.0034242619990227,Individual Death Claims
SBI Life,2019-20,28,4.63,22462,898.75,22490,903.3793899107526,21257,810.713768975,1157,79.37350822459376,0,0.0,40,5.5160395691584,36,7.7760731420004365,0.94517563361494,0.8974233616898131,0.0514450867052023,0.0878628725771962,0.001600711427301,0.0086077601823179,Individual Death Claims
Sahara Life,2019-20,16,0.24,638,5.97,654,6.2127995469999995,585,5.444943747,10,0.1831966669999999,13,0.001825,0,0.0,46,0.5828341329999995,0.0,0.0,0.0,0.0,0.0,0.0938118361281163,Individual Death Claims
Shriram,2019-20,39,2.16,3035,91.82,3074,93.97626589,2816,77.884964184,195,8.656821294,58,7.315036312,0,0.0,5,0.1194441000000097,0.9160702667534156,0.8287727060273388,0.0823031880286272,0.1699562911415866,0.001626545217957,0.0012710028310746,Individual Death Claims
Star Union,2019-20,5,0.33,1243,52.96,1248,53.29108412800001,1210,50.474073028000014,35,2.0959461,0,0.0,0,0.0,3,0.721064999999995,0.969551282051282,0.9471391669714616,0.0280448717948717,0.039330145638729,0.0024038461538461,0.0135306873898092,Individual Death Claims
Tata AIA,2019-20,0,0.0,2982,231.96,2982,231.96,2954,222.47,28,9.49,0,0.0,0,0.0,0,-1.9539925233402755e-14,0.9906103286384976,0.9590877737540956,0.0093896713615023,0.0409122262459044,0.0,-8.423833951285892e-17,Individual Death Claims
Aditya Birla Life,2018-19,45,9.75413582199996,5215,297.14534561474886,5260,306.89948143674883,5110,276.4391017923288,126,20.66588712664,0,0.0,0,0.0,24,9.794492517780018,0.9714828897338404,0.9007480250477458,0.0239543726235741,0.067337641073529,0.0045627376425855,0.0319143338787251,Individual Death Claims
Aegon,2018-19,0,0.0,507,79.17759341641,507,79.17759341641,489,75.68886761897,18,3.48872579744,0,0.0,0,0.0,0,1.1546319456101628e-14,0.9644970414201184,0.9559379661984404,0.0355029585798816,0.0440620338015595,0.0,1.4582811825786798e-16,Individual Death Claims
Ageas Federal,2018-19,6,0.220897,1300,56.9290245955,1306,57.1499215955,1251,53.0184595955,47,2.606351,0,0.0,0,0.0,8,1.525110999999999,0.9578866768759572,0.9277083522661332,0.0359877488514548,0.0456055043862951,0.006125574272588,0.0266861433475717,Individual Death Claims
Aviva,2018-19,8,1.3685121,930,91.919818,938,93.2883301,901,88.6746884,20,2.3993049,15,1.9159368,0,0.0,2,0.2984000000000162,0.960554371002132,0.950544278206562,0.0373134328358208,0.0462570366022662,0.0021321961620469,0.0031986851911717,Individual Death Claims
Bajaj Allianz,2018-19,250,31.459933034999995,12517,359.028844693769,12767,390.488777728769,12130,349.0155202039998,445,33.989023051,153,3.053149763,36,4.103684679,3,0.3274000317691703,0.9501057413644552,0.8937914227241218,0.0468395081068379,0.0948610432019361,0.0002349808099005,0.0008384364684523,Individual Death Claims
Bharti Axa,2018-19,7,0.745815,1058,48.41218241653611,1065,49.15799741653611,1036,46.993217487536135,22,1.147833328,0,0.0,0,0.0,7,1.0169466009999768,0.9727699530516432,0.9559628129141045,0.0206572769953051,0.0233498797413151,0.0065727699530516,0.0206873073445805,Individual Death Claims
Canara HSBC OBC,2018-19,2,0.62,1004,82.80127981599998,1006,83.42127981599998,946,74.085316879,59,8.539316137000002,0,0.0466468,0,0.0,1,0.7499999999999747,0.9403578528827038,0.8880865534838107,0.0586481113320079,0.1029229347228647,0.0009940357852882,0.0089905117933245,Individual Death Claims
Edelweiss Tokio,2018-19,0,0.0,239,14.211517449583,239,14.211517449583,229,13.418339916593,10,0.79317753299,0,0.0,0,0.0,0,-1.2212453270876722e-15,0.9581589958158996,0.9441876959442306,0.0418410041841004,0.0558123040557694,0.0,-8.593349242402727e-17,Individual Death Claims
Exide Life,2018-19,5,0.8154575209999919,3330,84.19840213499998,3335,85.01385965599997,3236,76.0684109555836,99,8.9454487,0,0.0,0,0.0,0,4.1636383230070346e-10,0.9703148425787106,0.8947765842344622,0.0296851574212893,0.1052234157606401,0.0,4.897599450083526e-12,Individual Death Claims
Future Generali,2018-19,19,2.140372306,1138,38.173337559,1157,40.31370986500001,1101,35.17339376299999,48,4.28674823,0,0.0,0,0.0,8,0.8535678720000144,0.9515989628349178,0.8724921095276624,0.041486603284356,0.1063347492541666,0.006914433880726,0.0211731412181708,Individual Death Claims
HDFC Life,2018-19,65,10.023818829,12881,617.6936443850657,12946,627.7174632140657,12822,577.2959979270655,67,33.492013013,23,6.743007756,0,0.0,34,10.186444518000162,0.9904217518924764,0.9196749043290432,0.0069519542715896,0.0640973417610319,0.0026262938359338,0.0162277539099248,Individual Death Claims
ICICI Prudential,2018-19,27,13.46009352139,10799,880.4748515060991,10826,893.9349450274891,10672,826.6589213807799,128,51.58215872699999,0,0.0,5,0.3251068724373,21,15.368758047271886,0.985774986144467,0.9247417007010053,0.0118233881396637,0.057702363034274,0.0019397746166635,0.0171922555805213,Individual Death Claims
India First,2018-19,3,3.58543921,2239,86.25039308000001,2242,89.83583229000001,2081,74.94961780000001,144,13.096635147,8,0.243645743,0,0.0,9,1.5459336000000017,0.9281891168599464,0.8342953573141544,0.0677966101694915,0.1484962130359753,0.0040142729705619,0.0172084296498701,Individual Death Claims
Industry Total,2018-19,1250,188.42534117979545,861987,18235.092576827083,863237,18423.51791800688,842847,17365.298583246535,6372,539.14141763507,3697,25.182455018,9304,302.0728049455495,1017,191.82265716172415,0.9763796037472908,0.9425614945272716,0.0116642358935031,0.0306306252239431,0.0011781237365868,0.0104118365458444,Individual Death Claims
Kotak Mahindra,2018-19,18,2.696687520005036,3020,145.7202850779999,3038,148.41697259800495,2959,136.76834225399983,67,7.571781243999999,0,0.0,0,0.0,12,4.076849100005114,0.9739960500329164,0.92151416283395,0.0220539828834759,0.0510169498235795,0.0039499670836076,0.0274688873424703,Individual Death Claims
LIC,2018-19,569,90.28,750381,13412.92,750950,13503.2,734328,12871.92,3199,193.07,3442,8.47,9190,293.82,791,135.92000000000064,0.9778653705306612,0.9532496000947924,0.0088434649444037,0.0149253510279044,0.0010533324455689,0.0100657621897032,Individual Death Claims
Max Life,2018-19,2,1.017864792,15085,478.438132283,15087,479.455997075,14897,452.2481335450001,187,25.611608186,0,0.0,0,0.0,3,1.5962553439999425,0.9874063763505004,0.9432526369552452,0.0123947769602969,0.0534180578452408,0.0001988466892026,0.0033293051995139,Individual Death Claims
PNB Met Life,2018-19,8,4.107871370000001,4162,223.44731933200012,4170,227.55519070200012,4012,203.945343713,157,23.586986989,0,0.0,1,0.02286,0,1.1867590243852533e-13,0.9621103117505996,0.8962456232434667,0.0376498800959232,0.1036539176110856,0.0,5.215257980818376e-16,Individual Death Claims
Pramerica Life,2018-19,7,1.7315522,649,27.999386,656,29.730938199999997,635,26.16,19,3.272937553,0,0.0,0,0.0,2,0.2980006469999967,0.9679878048780488,0.8798915064173791,0.0289634146341463,0.1100852428868188,0.0030487804878048,0.010023250695802,Individual Death Claims
Private Total,2018-19,681,98.14534117979544,111606,4822.1725768270835,112287,4920.317918006879,108519,4493.378583246536,3173,346.07141763506996,255,16.712455018,114,8.252804945549503,226,55.902657161723546,0.9664431323305458,0.9132293193498994,0.0305289125188133,0.0737317951194556,0.0020126996001318,0.0113615945337874,Individual Death Claims
Reliance Nippon,2018-19,4,1.0988099854,8367,163.8664053598,8371,164.96521534520002,8179,154.467060108,188,9.591746185,0,0.0,0,0.0,4,0.906409052200024,0.9770636722016486,0.9363614007035848,0.0224584876358857,0.0581440527624485,0.0004778401624656,0.0054945465339666,Individual Death Claims
SBI Life,2018-19,72,5.633757310000492,19830,758.0965199195723,19902,763.7302772295728,18913,688.9286379361798,889,66.366428463,0,0.0,72,3.801153394112202,28,4.634057436280801,0.9503065018591096,0.9020575175247268,0.0446688774997487,0.0868977313610556,0.0014068937795196,0.0060676623337375,Individual Death Claims
Sahara Life,2018-19,59,0.478455995,622,5.406160159,681,5.884616154,614,5.171924929,39,0.473281225,12,0.00261,0,0.0,16,0.2367999999999994,0.0,0.0,0.0,0.0,0.0,0.0402405176145664,Individual Death Claims
Shriram,2018-19,62,5.0560291,2768,82.8641142,2830,87.9201433,2414,66.0817737,334,15.0061131,43,4.6754245,0,0.0,39,2.1568320000000067,0.8530035335689046,0.7516113056653764,0.1332155477031802,0.223856978176695,0.0137809187279151,0.0245317161579285,Individual Death Claims
Star Union,2018-19,12,2.1298385629999688,1246,49.198019828,1258,51.32785839099997,1217,47.257513341000006,35,3.707912,1,0.032033656,0,0.0,5,0.3303993939999644,0.967408585055644,0.920699106146348,0.0286168521462639,0.0728638554819535,0.0039745627980922,0.0064370383716983,Individual Death Claims
Tata AIA,2018-19,0,0.0,2700,150.72,2700,150.72,2675,144.87,25,5.8500000000000005,0,0.0,0,0.0,0,-6.217248937900877e-15,0.9907407407407408,0.961186305732484,0.0092592592592592,0.0388136942675159,0.0,-4.125032469414064e-17,Individual Death Claims
Aditya Birla Life,2017-18,48,4.331115660600078,5443,269.8342132333999,5491,274.16532889399997,5292,248.155021966,154,16.256171106,0,0.0,45,9.754135821999975,24,9.794492517780018,0.9637588781642688,0.9051291166796064,0.0280458932799125,0.0592933146272667,0.0043707885631032,0.0357247670859463,Individual Death Claims
Aegon,2017-18,0,0.0,554,52.00041505895997,554,52.00041505895997,530,49.17115757996002,24,2.829257479,0,0.0,0,-4.3520742565306136e-14,0,1.1546319456101628e-14,0.9566787003610108,0.9455916366092072,0.0433212996389891,0.0544083633907937,0.0,2.2204283260066266e-16,Individual Death Claims
Ageas Federal,2017-18,7,0.4652075,1154,50.042237938,1161,50.507445438,1068,45.148741038,87,5.1378074,0,0.0,6,0.2208970000000008,8,1.525110999999999,0.9198966408268734,0.8939026839799682,0.0749354005167958,0.1017237628124921,0.0068906115417743,0.0301957659266718,Individual Death Claims
Aviva,2017-18,7,2.782993,1111,103.1105406,1118,105.8935336,1056,97.6827587,54,6.8422628,0,0.0,8,1.3685121000000038,2,0.2984000000000162,0.9445438282647584,0.9224619802469224,0.0483005366726296,0.0646145479085231,0.0017889087656529,0.0028179246631544,Individual Death Claims
Bajaj Allianz,2017-18,63,5.52952390068003,14252,365.6906648127486,14315,371.2201887134286,13176,311.5880202404286,829,27.252818933,60,0.919416505,250,31.45993303500003,3,0.3274000317691703,0.9204331121201536,0.8393617311610324,0.0621026894865525,0.075890903282063,0.0002095703807195,0.0008819564283501,Individual Death Claims
Bharti Axa,2017-18,34,3.7301900889999993,854,40.38301656790243,888,44.11320665690243,860,42.475024190892434,21,0.892367636,0,0.0,7,0.7458148300099937,7,1.0169466009999768,0.9684684684684683,0.9628641264111398,0.0236486486486486,0.0202290357837854,0.0078828828828828,0.0230531098976649,Individual Death Claims
Canara HSBC OBC,2017-18,1,0.0875,836,53.29323009600001,837,53.38073009600001,797,49.127114511000016,38,3.633615584999999,0,0.0,2,0.6199999999999926,1,0.7499999999999747,0.95221027479092,0.9203155225237594,0.045400238948626,0.0680697993164443,0.001194743130227,0.014050013902979,Individual Death Claims
Edelweiss Tokio,2017-18,0,0.0,189,11.57,189,11.57,180,11.313629295,9,0.26,0,0.0,0,-0.0036292949999998,0,-1.2212453270876722e-15,0.9523809523809524,0.9778417713915298,0.0476190476190476,0.0224719101123595,0.0,-1.0555275082866655e-16,Individual Death Claims
Exide Life,2017-18,0,0.0,3357,86.214817957,3357,86.214817957,3250,77.256677729,102,8.142682706999999,0,0.0,5,0.8154575209999919,0,4.1636383230070346e-10,0.9681263032469468,0.896095120998018,0.0303842716711349,0.0944464408781933,0.0,4.829376691468127e-12,Individual Death Claims
Future Generali,2017-18,17,0.98,1274,39.34057842499999,1291,40.32057842499999,1202,34.176781466999984,69,4.144822346,1,0.01604772,19,1.9829268920000032,8,0.8535678720000144,0.9310611928737412,0.8476262693148603,0.0542215336948102,0.1031947017759084,0.0061967467079783,0.0211695344001011,Individual Death Claims
HDFC Life,2017-18,59,15.607194693,12507,529.088966781346,12566,544.696161474346,12289,482.7785664373458,208,46.7800114,0,0.0,69,15.13758363700024,34,10.186444518000162,0.9779563902594304,0.8863263606091771,0.0165526022600668,0.0858827631048089,0.0027057138309724,0.0187011498124536,Individual Death Claims
ICICI Prudential,2017-18,36,10.161435349763616,11423,766.8395651976684,11459,777.001000547432,11216,715.1105263991569,203,43.233296167,13,5.18584382,27,13.471334161275076,21,15.368758047271886,0.978793961078628,0.9203469826877052,0.0188498123745527,0.0623154152348408,0.0018326206475259,0.0197795859161621,Individual Death Claims
India First,2017-18,29,2.1,1781,55.520349192,1810,57.620349192,1626,45.97,181,8.06,0,0.0,3,3.5903491919999997,9,1.5459336000000017,0.8983425414364641,0.7978084243609975,0.1,0.1398811377061048,0.0049723756906077,0.0268296464995154,Individual Death Claims
Industry Total,2017-18,4145,307.8108617150444,843841,15405.57791975724,847986,15713.388781472284,828314,14623.818264155529,9286,532.2121866261369,9132,363.9760666538704,1254,193.38226403674895,1017,191.82265716172415,0.9768015037984118,0.930659736580726,0.0217196982025646,0.0570334168996509,0.0011993122527966,0.0122075931442556,Individual Death Claims
Kotak Mahindra,2017-18,19,2.4020368930000022,3055,132.05058032311405,3074,134.45261721611405,2881,119.497377830109,175,12.258551865999998,0,0.0,18,2.6966875200050495,12,4.076849100005114,0.9372153545868576,0.8887694438705751,0.056929082628497,0.0911737690185388,0.0039037085230969,0.0303218277517955,Individual Death Claims
LIC,2017-18,3203,195.06,735879,11184.340000000002,739082,11379.4,724596,10747.53,4958,194.725,8959,346.86,569,90.28500000000076,791,135.92000000000064,0.9804000097418148,0.944472467792678,0.0188301162793844,0.0475934583545705,0.0010702466032185,0.0119443907411639,Individual Death Claims
Max Life,2017-18,3,0.146875372,10329,370.8480362546359,10332,370.9949116266359,10152,353.39359720963546,178,16.583449633999997,0,0.0,2,1.0178647830004266,3,1.5962553439999425,0.9825783972125436,0.9525564532952028,0.0172280294231513,0.0446999382317387,0.0002903600464576,0.0043026340630957,Individual Death Claims
PNB Met Life,2017-18,108,16.428039390000002,3981,201.537802198,4089,217.965841588,3726,179.602009579,329,33.023027286,26,1.232933353,8,4.107871370000019,0,1.1867590243852533e-13,0.9112252384446076,0.8239915404657051,0.0868182929811689,0.1571620598412423,0.0,5.444701865847726e-16,Individual Death Claims
Pramerica Life,2017-18,6,0.6964289,586,25.81449332135,592,26.51092222135,572,23.508783779,13,1.294086281,0,0.0,7,1.7080521613500024,2,0.2980006469999967,0.9662162162162162,0.8867584304580587,0.0219594594594594,0.0488133257000707,0.0033783783783783,0.011240674485477,Individual Death Claims
Private Total,2017-18,942,112.75086171504437,107962,4221.237919757239,108904,4333.988781472283,103718,3876.288264155528,4328,337.487186626137,173,17.116066653870387,685,103.09726403674816,226,55.902657161723546,0.9523800778667452,0.8943927775555359,0.0413299786968339,0.0818191442478876,0.00207522221406,0.0128986621748321,Individual Death Claims
Reliance Nippon,2017-18,35,4.755960916862968,8952,168.90650871499994,8987,173.6624696318629,8553,149.53625298899993,403,22.324716655999996,27,0.7041211917568166,4,1.0973787951061584,4,0.906409052200024,0.9517080226994548,0.8610740899055118,0.0478468899521531,0.1326068775629779,0.0004450873483921,0.0052193721194997,Individual Death Claims
SBI Life,2017-18,132,25.19260259500068,18753,615.5885848841137,18885,640.7811874791145,18274,590.3271667569996,496,35.900592001,43,8.919671411113573,72,5.633757310001247,28,4.634057436280801,0.9676462801164946,0.9212617010174642,0.0285411702409319,0.0699462847660059,0.0014826581943341,0.0072318874630379,Individual Death Claims
Sahara Life,2017-18,26,0.376145833,646,6.242127808,672,6.618273641,556,5.405455313,57,0.734362333,0,0.0,59,0.478455995,16,0.2367999999999994,0.0,0.0,0.0,0.0,0.0,0.0357797233606405,Individual Death Claims
Shriram,2017-18,293,14.2801582,2853,87.471934821,3146,101.752093021,2524,69.799382637,560,26.893223477,0,0.0,62,5.059486907000014,39,2.1568320000000067,0.8022886204704387,0.6859749078831677,0.1780038143674507,0.2643014278974062,0.012396694214876,0.021196930067619,Individual Death Claims
Star Union,2017-18,19,2.697453422136986,1222,49.594740077,1241,52.292193499136985,1145,43.420676013000005,81,6.60348483313698,3,0.138032653,12,2.130000000000001,5,0.3303993939999644,0.9226430298146656,0.83034719156917,0.0676873489121676,0.1289201510785398,0.0040290088638195,0.0063183311292041,Individual Death Claims
Tata AIA,2017-18,0,0.0,2850,140.254515495,2850,140.254515495,2793,131.843542495,57,8.4065787,0,0.0,0,0.0043942999999835,0,-6.217248937900877e-15,0.98,0.940030643788436,0.02,0.0599380253129867,0.0,-4.432833350112367e-17,Individual Death Claims
</pre></body></html>Xtext/csvP_`https://storage.googleapis.com/kagglesdsdata/datasets/9341935/14625119/cleaned_individual_death_claims.csv?X-Goog-Algorithm=GOOG4-RSA-SHA256&X-Goog-Credential=gcp-kaggle-com%40kaggle-161607.iam.gserviceaccount.com%2F20260130%2Fauto%2Fstorage%2Fgoog4_request&X-Goog-Date=20260130T175708Z&X-Goog-Expires=259200&X-Goog-SignedHeaders=host&X-Goog-Signature=10ad6e17df009326d1a357bbb29ded1ce6fd78d1287634fec4999c5ab598f0f1b04326d3d11a5f18d0df94a22ad6a55a66de43de9adbff65df8b79287fda67446913a2a154352c6d47ae2ec0d5ca0c8d3e1fffaa06a5f1d9f10bea0fa94f9d4cacfdb29b48a52d689f725fa4c138e7993b4b43d7682d3326cb2fe5a434207901cb216652f61e1f159c18b3a94cf2ef25c78e0dcc4bb8a4b4210e1a89cf22fbb9d76e6516c27c6237ab59469f266ff6f5499250feadbc9b37eebc1f00ab1a566b725eb5073cd9d024602962a2a1db3e3df8651645c71811015d669197b2d3268f1b16da94712bf3857b3f3ec092415d1bf192a1579404152b69d4747b637d750eUUTF-8    ( : P g v ”ŞˇŞŞŞ«®             
              ®